stage,kappa
initial_training,0.3576257756314176
fine_tuning,0.44105107942519084
